<?xml version="1.0" encoding="UTF-8"?>
<configuration>
    <include resource="org/springframework/boot/logging/logback/base.xml" />
    <springProperty scope="context" name="springAppName" source="spring.application.name"/>
    <springProperty scope="context" name="serverPort" source="server.port"/>
    <appender name="LOGSTASH" class="net.logstash.logback.appender.LogstashTcpSocketAppender">
        <destination>192.168.200.130:5044</destination>
        <!-- 日志输出编码 -->
        <encoder charset="UTF-8" class="net.logstash.logback.encoder.LogstashEncoder">
            <providers>
                <timestamp>
                    <timeZone>UTC</timeZone>
                </timestamp>
                <pattern>
                    <pattern>
                        {
                        <!--应用名称 -->
                        "app": "${springAppName}_${serverPort}",
                        <!--打印时间 -->
                        "timestamp": "%d{yyyy-MM-dd HH:mm:ss.SSS}",
                        <!--线程名称 -->
                        "thread": "%thread",
                        <!--日志级别 -->
                        "level": "%level",
                        <!--日志名称 -->
                        "logger_name": "%logger",
                        <!--日志信息 -->
                        "message": "%msg",
                        <!--日志堆栈 -->
                        "stack_trace": "%exception"
                        }
                    </pattern>
                </pattern>
            </providers>
        </encoder>
    </appender>
    <!--定义日志文件的存储地址,使用绝对路径-->
    <property name="LOG_HOME" value="/home/logs"/>
    <!-- 按照每天生成日志文件 -->
    <appender name="FILE" class="ch.qos.logback.core.rolling.RollingFileAppender">
        <rollingPolicy class="ch.qos.logback.core.rolling.TimeBasedRollingPolicy">
            <!--日志文件输出的文件名-->
            <fileNamePattern>${LOG_HOME}/${springAppName}-${serverPort}-%d{yyyy-MM-dd}.log</fileNamePattern>
        </rollingPolicy>
        <encoder>
            <pattern>%d{yyyy-MM-dd HH:mm:ss.SSS} [%thread] %-5level %logger{36} - %msg%n</pattern>
        </encoder>
    </appender>
    <root level="INFO">
        <appender-ref ref="LOGSTASH" />
        <appender-ref ref="FILE" />
        <appender-ref ref="CONSOLE" />
    </root>


</configuration>
